INSERT INTO dyextn_abstract_metadata (IDENTIFIER,CREATED_DATE,DESCRIPTION,LAST_UPDATED,NAME,PUBLIC_ID) values(1954,NULL,NULL,NULL,'edu.common.dynamicextensions.domain.integration.AbstractFormContext',null);
INSERT INTO dyextn_abstract_entity values(1954);
INSERT INTO dyextn_entity values(1954,3,1,NULL,3,NULL,NULL,1);
INSERT INTO dyextn_database_properties(IDENTIFIER,NAME) values(3041,'DYEXTN_ABSTRACT_FORM_CONTEXT');
INSERT INTO dyextn_table_properties (IDENTIFIER,ABSTRACT_ENTITY_ID) values(3041,1954);
INSERT INTO dyextn_abstract_metadata (IDENTIFIER,CREATED_DATE,DESCRIPTION,LAST_UPDATED,NAME,PUBLIC_ID) values(1955,NULL,NULL,NULL,'id',null);
INSERT INTO DYEXTN_BASE_ABSTRACT_ATTRIBUTE (IDENTIFIER) values(1955);
INSERT INTO dyextn_attribute values (1955,1954);
insert into dyextn_primitive_attribute (IDENTIFIER,IS_IDENTIFIED,IS_PRIMARY_KEY,IS_NULLABLE) values (1955,NULL,1,1);
insert into DYEXTN_ENTIY_COMPOSITE_KEY_REL (ENTITY_ID,ATTRIBUTE_ID,INSERTION_ORDER)  values (1954,1955,0);
insert into dyextn_attribute_type_info (IDENTIFIER,PRIMITIVE_ATTRIBUTE_ID) values (1191,1955);
insert into dyextn_numeric_type_info (IDENTIFIER,MEASUREMENT_UNITS,DECIMAL_PLACES,NO_DIGITS) values (1191,NULL,0,NULL);
insert into dyextn_long_type_info (IDENTIFIER) values (1191);
insert into dyextn_database_properties (IDENTIFIER,NAME) values (3042,'IDENTIFIER');
insert into dyextn_column_properties (IDENTIFIER,PRIMITIVE_ATTRIBUTE_ID) values (3042,1955);
INSERT INTO dyextn_abstract_metadata (IDENTIFIER,CREATED_DATE,DESCRIPTION,LAST_UPDATED,NAME,PUBLIC_ID) values(1956,NULL,NULL,NULL,'formLabel',null);
INSERT INTO DYEXTN_BASE_ABSTRACT_ATTRIBUTE (IDENTIFIER) values(1956);
INSERT INTO dyextn_attribute values (1956,1954);
insert into dyextn_primitive_attribute (IDENTIFIER,IS_IDENTIFIED,IS_PRIMARY_KEY,IS_NULLABLE) values (1956,NULL,0,1);
insert into dyextn_attribute_type_info (IDENTIFIER,PRIMITIVE_ATTRIBUTE_ID) values (1192,1956);
insert into dyextn_string_type_info (IDENTIFIER) values (1192);
insert into dyextn_database_properties (IDENTIFIER,NAME) values (3043,'FORM_LABEL');
insert into dyextn_column_properties (IDENTIFIER,PRIMITIVE_ATTRIBUTE_ID) values (3043,1956);
INSERT INTO dyextn_abstract_metadata (IDENTIFIER,CREATED_DATE,DESCRIPTION,LAST_UPDATED,NAME,PUBLIC_ID) values(1957,NULL,NULL,NULL,'containerId',null);
INSERT INTO DYEXTN_BASE_ABSTRACT_ATTRIBUTE (IDENTIFIER) values(1957);
INSERT INTO dyextn_attribute values (1957,1954);
insert into dyextn_primitive_attribute (IDENTIFIER,IS_IDENTIFIED,IS_PRIMARY_KEY,IS_NULLABLE) values (1957,NULL,0,1);
insert into dyextn_attribute_type_info (IDENTIFIER,PRIMITIVE_ATTRIBUTE_ID) values (1193,1957);
insert into dyextn_numeric_type_info (IDENTIFIER,MEASUREMENT_UNITS,DECIMAL_PLACES,NO_DIGITS) values (1193,NULL,0,NULL);
insert into dyextn_long_type_info (IDENTIFIER) values (1193);
insert into dyextn_database_properties (IDENTIFIER,NAME) values (3044,'CONTAINER_ID');
insert into dyextn_column_properties (IDENTIFIER,PRIMITIVE_ATTRIBUTE_ID) values (3044,1957);
INSERT INTO dyextn_abstract_metadata (IDENTIFIER,CREATED_DATE,DESCRIPTION,LAST_UPDATED,NAME,PUBLIC_ID) values(1958,NULL,NULL,NULL,'activityStatus',null);
INSERT INTO DYEXTN_BASE_ABSTRACT_ATTRIBUTE (IDENTIFIER) values(1958);
INSERT INTO dyextn_attribute values (1958,1954);
insert into dyextn_primitive_attribute (IDENTIFIER,IS_IDENTIFIED,IS_PRIMARY_KEY,IS_NULLABLE) values (1958,NULL,0,1);
insert into dyextn_attribute_type_info (IDENTIFIER,PRIMITIVE_ATTRIBUTE_ID) values (1194,1958);
insert into dyextn_string_type_info (IDENTIFIER) values (1194);
insert into dyextn_database_properties (IDENTIFIER,NAME) values (3045,'ACTIVITY_STATUS');
insert into dyextn_column_properties (IDENTIFIER,PRIMITIVE_ATTRIBUTE_ID) values (3045,1958);
INSERT INTO dyextn_abstract_metadata (IDENTIFIER,CREATED_DATE,DESCRIPTION,LAST_UPDATED,NAME,PUBLIC_ID) values(1959,NULL,NULL,NULL,'hideForm',null);
INSERT INTO DYEXTN_BASE_ABSTRACT_ATTRIBUTE (IDENTIFIER) values(1959);
INSERT INTO dyextn_attribute values (1959,1954);
insert into dyextn_primitive_attribute (IDENTIFIER,IS_IDENTIFIED,IS_PRIMARY_KEY,IS_NULLABLE) values (1959,NULL,0,1);
insert into dyextn_attribute_type_info (IDENTIFIER,PRIMITIVE_ATTRIBUTE_ID) values (1195,1959);
insert into dyextn_boolean_type_info (IDENTIFIER) values (1195);
insert into dyextn_database_properties (IDENTIFIER,NAME) values (3046,'HIDE_FORM');
insert into dyextn_column_properties (IDENTIFIER,PRIMITIVE_ATTRIBUTE_ID) values (3046,1959);
INSERT INTO dyextn_abstract_metadata (IDENTIFIER,CREATED_DATE,DESCRIPTION,LAST_UPDATED,NAME,PUBLIC_ID) values(1960,NULL,NULL,NULL,'edu.common.dynamicextensions.domain.integration.AbstractRecordEntry',null);
INSERT INTO dyextn_abstract_entity values(1960);
INSERT INTO dyextn_entity values(1960,3,1,NULL,3,NULL,NULL,1);
INSERT INTO dyextn_database_properties(IDENTIFIER,NAME) values(3047,'DYEXTN_ABSTRACT_RECORD_ENTRY');
INSERT INTO dyextn_table_properties (IDENTIFIER,ABSTRACT_ENTITY_ID) values(3047,1960);
INSERT INTO dyextn_abstract_metadata (IDENTIFIER,CREATED_DATE,DESCRIPTION,LAST_UPDATED,NAME,PUBLIC_ID) values(1961,NULL,NULL,NULL,'id',null);
INSERT INTO DYEXTN_BASE_ABSTRACT_ATTRIBUTE (IDENTIFIER) values(1961);
INSERT INTO dyextn_attribute values (1961,1960);
insert into dyextn_primitive_attribute (IDENTIFIER,IS_IDENTIFIED,IS_PRIMARY_KEY,IS_NULLABLE) values (1961,NULL,1,1);
insert into DYEXTN_ENTIY_COMPOSITE_KEY_REL (ENTITY_ID,ATTRIBUTE_ID,INSERTION_ORDER)  values (1960,1961,0);
insert into dyextn_attribute_type_info (IDENTIFIER,PRIMITIVE_ATTRIBUTE_ID) values (1196,1961);
insert into dyextn_numeric_type_info (IDENTIFIER,MEASUREMENT_UNITS,DECIMAL_PLACES,NO_DIGITS) values (1196,NULL,0,NULL);
insert into dyextn_long_type_info (IDENTIFIER) values (1196);
insert into dyextn_database_properties (IDENTIFIER,NAME) values (3048,'IDENTIFIER');
insert into dyextn_column_properties (IDENTIFIER,PRIMITIVE_ATTRIBUTE_ID) values (3048,1961);
INSERT INTO dyextn_abstract_metadata (IDENTIFIER,CREATED_DATE,DESCRIPTION,LAST_UPDATED,NAME,PUBLIC_ID) values(1962,NULL,NULL,NULL,'activityStatus',null);
INSERT INTO DYEXTN_BASE_ABSTRACT_ATTRIBUTE (IDENTIFIER) values(1962);
INSERT INTO dyextn_attribute values (1962,1960);
insert into dyextn_primitive_attribute (IDENTIFIER,IS_IDENTIFIED,IS_PRIMARY_KEY,IS_NULLABLE) values (1962,NULL,0,1);
insert into dyextn_attribute_type_info (IDENTIFIER,PRIMITIVE_ATTRIBUTE_ID) values (1197,1962);
insert into dyextn_string_type_info (IDENTIFIER) values (1197);
insert into dyextn_database_properties (IDENTIFIER,NAME) values (3049,'ACTIVITY_STATUS');
insert into dyextn_column_properties (IDENTIFIER,PRIMITIVE_ATTRIBUTE_ID) values (3049,1962);
INSERT INTO dyextn_abstract_metadata (IDENTIFIER,CREATED_DATE,DESCRIPTION,LAST_UPDATED,NAME,PUBLIC_ID) values(1963,NULL,NULL,NULL,'modifiedDate',null);
INSERT INTO DYEXTN_BASE_ABSTRACT_ATTRIBUTE (IDENTIFIER) values(1963);
INSERT INTO dyextn_attribute values (1963,1960);
insert into dyextn_primitive_attribute (IDENTIFIER,IS_IDENTIFIED,IS_PRIMARY_KEY,IS_NULLABLE) values (1963,NULL,0,1);
insert into dyextn_attribute_type_info (IDENTIFIER,PRIMITIVE_ATTRIBUTE_ID) values (1198,1963);
insert into dyextn_date_type_info (IDENTIFIER,FORMAT) values (1198,'MM-dd-yyyy');
insert into dyextn_database_properties (IDENTIFIER,NAME) values (3050,'MODIFIED_DATE');
insert into dyextn_column_properties (IDENTIFIER,PRIMITIVE_ATTRIBUTE_ID) values (3050,1963);
INSERT INTO dyextn_abstract_metadata (IDENTIFIER,CREATED_DATE,DESCRIPTION,LAST_UPDATED,NAME,PUBLIC_ID) values(1964,NULL,NULL,NULL,'modifiedBy',null);
INSERT INTO DYEXTN_BASE_ABSTRACT_ATTRIBUTE (IDENTIFIER) values(1964);
INSERT INTO dyextn_attribute values (1964,1960);
insert into dyextn_primitive_attribute (IDENTIFIER,IS_IDENTIFIED,IS_PRIMARY_KEY,IS_NULLABLE) values (1964,NULL,0,1);
insert into dyextn_attribute_type_info (IDENTIFIER,PRIMITIVE_ATTRIBUTE_ID) values (1199,1964);
insert into dyextn_string_type_info (IDENTIFIER) values (1199);
insert into dyextn_database_properties (IDENTIFIER,NAME) values (3051,'MODIFIED_BY');
insert into dyextn_column_properties (IDENTIFIER,PRIMITIVE_ATTRIBUTE_ID) values (3051,1964);
INSERT INTO dyextn_abstract_metadata (IDENTIFIER,CREATED_DATE,DESCRIPTION,LAS