<?xml version="1.0" encoding="windows-1252" ?>
<GateDocument>
<!-- The document's features-->

<GateDocumentFeatures>
<Feature>
  <Name className="java.lang.String">gate.SourceURL</Name>
  <Value className="java.lang.String">http://caties.cabig.upmc.edu/gate_3_1/samples/BreastCase.xml</Value>
</Feature>
<Feature>
  <Name className="java.lang.String">MimeType</Name>
  <Value className="java.lang.String">text/xml</Value>
</Feature>
</GateDocumentFeatures>
<!-- The document content area with serialized nodes -->

<TextWithNodes>
[Clinical History]

No history of breast cancer.

[Gross Description]

The specimen was received in a single container labeled 1A.
The tumor meaures 1.0 x 2.0 x 1.0 cm.

[Final Diagnosis]

PART 1: BREAST, TOTAL MASTECTOMY.
        RIGHT BREAST, DCIS, COMEDO.
PART 2: BREAST, TOTAL MASTECTOMY.
        LEFT BREAST, PAGET&apos;S DISEASE
</TextWithNodes>
<!-- The default annotation set -->

<AnnotationSet>
</AnnotationSet>
</GateDocument>