<?xml version="1.0" encoding="windows-1252" ?>
<GateDocument>
<!-- The document's features-->

<GateDocumentFeatures>
<Feature>
  <Name className="java.lang.String">gate.SourceURL</Name>
  <Value className="java.lang.String">http://caties.cabig.upmc.edu/gate_3_0/samples/SurgicalPathologyReport.xml</Value>
</Feature>
<Feature>
  <Name className="java.lang.String">MimeType</Name>
  <Value className="java.lang.String">text/xml</Value>
</Feature>
</GateDocumentFeatures>
<!-- The document content area with serialized nodes -->

<TextWithNodes>

[Final Diagnosis]

CERVIX, BIOPSY:
     A.  SEVERE DYSPLASIA, CIN II TO CIN III.
     B.  SQUAMOUS METAPLASIA.
     C.  NO ACUTE CERVICITIS

[Gross Description]

Specimen is received in one container.  
Specimen labeled &quot;LEEP&quot; is received in formalin and consists of two,
ovoid-shaped, firm fragments of gray-white tissue.  The larger fragment of
tissue measures 1.8 x 0.8 x 0.6 cm.  The epithelial surfaces are gray-white
and roughened.  The specimens are sectioned and entirely submitted in two
blocks labeled A and B
</TextWithNodes>
<!-- The default annotation set -->

<AnnotationSet>
</AnnotationSet>
</GateDocument>