<?xml version="1.0" encoding="UTF-8"?>

<datasources>

	<local-tx-datasource>
		<jndi-name>query</jndi-name>
		<connection-url>@@databaseurl@@</connection-url>
		<user-name>@@queryusername@@</user-name>
		<password>@@querypassword@@</password>
		<driver-class>@@databasedriver@@</driver-class>
		<check-valid-connection-sql>select count(*) from CSM_USER</check-valid-connection-sql>
	</local-tx-datasource>
	
	<local-tx-datasource>
		<jndi-name>clinportal</jndi-name>
		<connection-url>@@databaseurl@@</connection-url>
		<user-name>@@username@@</user-name>
		<password>@@password@@</password>
		<driver-class>@@databasedriver@@</driver-class>
		<check-valid-connection-sql>select count(*) from CSM_USER</check-valid-connection-sql>
	</local-tx-datasource>
</datasources>